幕,遭遇,中文名,房间类型,简单遭遇,怪物数,召唤价合计(期望),群体税,标准开销(期望),单场上限,构成(召唤价)
第一幕·密林,BygoneEffigyElite,旧日雕像,精英,,1,8.0,0.0,8.0,12.0,旧日雕像8
第一幕·密林,ByrdonisElite,多尼斯异鸟,精英,,1,9.0,0.0,9.0,13.5,多尼斯异鸟9
第一幕·密林,CeremonialBeastBoss,仪式兽,Boss,,1,8.0,0.0,8.0,,仪式兽8
第一幕·密林,CubexConstructNormal,方柱构装体,普通,,1,3.0,0.0,3.0,4.8,方柱构装体3
第一幕·密林,FlyconidNormal,真菌与史莱姆,普通,,2,3.0,1.0,4.0,6.4,树叶史莱姆（中）1 + 飞蝇菌子2 | 树枝史莱姆（中）1 + 飞蝇菌子2
第一幕·密林,FogmogNormal,雾菇,普通,,1,3.0,0.0,3.0,4.8,雾菇3
第一幕·密林,FuzzyWurmCrawlerWeak,毛绒伏地虫,普通,是,1,2.0,0.0,2.0,3.2,毛绒伏地虫2
第一幕·密林,InkletsNormal,墨宝,普通,,3,3.0,3.0,6.0,9.6,墨宝1 + 墨宝1 + 墨宝1
第一幕·密林,MawlerNormal,蛮兽,普通,,1,3.0,0.0,3.0,4.8,蛮兽3
第一幕·密林,NibbitsNormal,两只小啃兽,普通,,2,4.0,1.0,5.0,8.0,小啃兽2 + 小啃兽2
第一幕·密林,NibbitsWeak,一只落单的小啃兽,普通,是,1,2.0,0.0,2.0,3.2,小啃兽2
第一幕·密林,OvergrowthCrawlers,密林爬虫,普通,,2,4.0,1.0,5.0,8.0,缩小甲虫2 + 毛绒伏地虫2
第一幕·密林,PhrogParasiteElite,异蛙寄生虫,精英,,1,11.0,0.0,11.0,16.5,异蛙寄生虫11
第一幕·密林,RubyRaidersNormal,红宝石劫掠者,普通,,3,4.2,3.0,7.2,11.5,劫掠者斧手1 + 劫掠者刺客2 + 劫掠者暴徒2 | 劫掠者斧手1 + 劫掠者刺客2 + 劫掠者弩手1 | 劫掠者斧手1 + 劫掠者刺客2 + 劫掠者追踪手1 | 劫掠者斧手1 + 劫掠者暴徒2 + 劫掠者弩手1 | …
第一幕·密林,ShrinkerBeetleWeak,缩小甲虫,普通,是,1,2.0,0.0,2.0,3.2,缩小甲虫2
第一幕·密林,SlimesNormal,一大群史莱姆,普通,,4,4.0,6.0,10.0,16.0,树枝史莱姆（中）1 + 树叶史莱姆（中）1 + 树叶史莱姆（小）1 + 树枝史莱姆（小）1
第一幕·密林,SlimesWeak,一群史莱姆,普通,是,3,3.0,3.0,6.0,9.6,树叶史莱姆（小）1 + 树叶史莱姆（中）1 + 树枝史莱姆（小）1 | 树叶史莱姆（小）1 + 树枝史莱姆（中）1 + 树枝史莱姆（小）1
第一幕·密林,SlitheringStranglerNormal,扼杀者与伙伴,普通,,2/3,3.67,1.67,5.33,8.5,闪光贾克斯果2 + 蛇行扼杀者2 | 树叶史莱姆（中）1 + 蛇行扼杀者2 | 树枝史莱姆（中）1 + 蛇行扼杀者2 | 树叶史莱姆（小）1 + 树叶史莱姆（小）1 + 蛇行扼杀者2 | …
第一幕·密林,SnappingJaxfruitNormal,密林植物,普通,,2,4.0,1.0,5.0,8.0,闪光贾克斯果2 + 飞蝇菌子2
第一幕·密林,TheKinBoss,同族小队,Boss,,3,9.0,3.0,12.0,,同族信徒2 + 同族信徒2 + 同族神官5
第一幕·密林,VantomBoss,墨影幻灵,Boss,,1,7.0,0.0,7.0,,墨影幻灵7
第一幕·密林,VineShamblerNormal,藤蔓蹒跚者,普通,,1,3.0,0.0,3.0,4.8,藤蔓蹒跚者3
第一幕·暗港,CorpseSlugsNormal,许多噬尸蛞蝓,普通,,3,6.0,3.0,9.0,14.4,噬尸蛞蝓2 + 噬尸蛞蝓2 + 噬尸蛞蝓2
第一幕·暗港,CorpseSlugsWeak,一些噬尸蛞蝓,普通,是,2,4.0,1.0,5.0,8.0,噬尸蛞蝓2 + 噬尸蛞蝓2
第一幕·暗港,CultistsNormal,邪教徒们,普通,,2,4.0,1.0,5.0,8.0,钙化邪教徒2 + 潮湿邪教徒2
第一幕·暗港,FossilStalkerNormal,化石追踪者,普通,,1,3.0,0.0,3.0,4.8,化石追踪者3
第一幕·暗港,GremlinMercNormal,穿着一件大衣的两只地精,普通,,1,3.0,0.0,3.0,4.8,地精佣兵3
第一幕·暗港,HauntedShipNormal,幽灵船,普通,,1,3.0,0.0,3.0,4.8,幽灵船3
第一幕·暗港,LagavulinMatriarchBoss,乐加维林族母,Boss,,1,7.0,0.0,7.0,,乐加维林族母7
第一幕·暗港,LivingFogNormal,邪恶气体,普通,,1,3.0,0.0,3.0,4.8,活雾3
第一幕·暗港,PhantasmalGardenersElite,花园幽灵鳗,精英,,4,16.0,0.0,16.0,24.0,花园幽灵鳗4 + 花园幽灵鳗4 + 花园幽灵鳗4 + 花园幽灵鳗4
第一幕·暗港,PunchConstructNormal,拳击构装体,普通,,1,3.0,0.0,3.0,4.8,拳击构装体3
第一幕·暗港,SeapunkNormal,暗港野生动物,普通,,2,4.0,1.0,5.0,8.0,钙化邪教徒2 + 海洋混混2
第一幕·暗港,SeapunkWeak,海洋混混,普通,是,1,2.0,0.0,2.0,3.2,海洋混混2
第一幕·暗港,SewerClamNormal,下水道蚌,普通,,1,3.0,0.0,3.0,4.8,下水道蚌3
第一幕·暗港,SkulkingColonyElite,鬼祟珊瑚群,精英,,1,9.0,0.0,9.0,13.5,鬼祟珊瑚群9
第一幕·暗港,SludgeSpinnerWeak,淤泥旋螺,普通,是,1,2.0,0.0,2.0,3.2,淤泥旋螺2
第一幕·暗港,SoulFyshBoss,灵魂异鱼,Boss,,1,7.0,0.0,7.0,,灵魂异鱼7
第一幕·暗港,TerrorEelElite,骇鳗,精英,,1,13.0,0.0,13.0,19.5,骇鳗13
第一幕·暗港,ToadpolesWeak,蟾蜍蝌蚪,普通,是,2,2.0,1.0,3.0,4.8,蟾蜍蝌蚪1 + 蟾蜍蝌蚪1
第一幕·暗港,TwoTailedRatsNormal,双尾鼠,普通,,3,6.0,3.0,9.0,14.4,双尾鼠2 + 双尾鼠2 + 双尾鼠2
第一幕·暗港,WaterfallGiantBoss,瀑布巨兽,Boss,,1,7.0,0.0,7.0,,瀑布巨兽7
第二幕·蜂巢,BowlbugsNormal,盛碗虫群,普通,,3,4.67,3.0,7.67,12.3,盛碗虫（石）2 + 盛碗虫（卵）1 + 盛碗虫（丝）1 | 盛碗虫（石）2 + 盛碗虫（卵）1 + 盛碗虫（蜜）2 | 盛碗虫（石）2 + 盛碗虫（丝）1 + 盛碗虫（蜜）2
第二幕·蜂巢,BowlbugsWeak,盛碗虫,普通,是,2,3.5,1.0,4.5,7.2,盛碗虫（石）2 + 盛碗虫（卵）1 | 盛碗虫（石）2 + 盛碗虫（蜜）2
第二幕·蜂巢,ChompersNormal,一对自动机械,普通,,2,6.0,1.0,7.0,11.2,啃咬机3 + 啃咬机3
第二幕·蜂巢,DecimillipedeElite,残杀千足虫,精英,,3,18.0,0.0,18.0,27.0,残杀千足虫6 + 残杀千足虫6 + 残杀千足虫6
第二幕·蜂巢,EntomancerElite,蜂群术士,精英,,1,11.0,0.0,11.0,16.5,蜂群术士11
第二幕·蜂巢,ExoskeletonsNormal,许多外骨骼虫,普通,,4,4.0,6.0,10.0,16.0,外骨骼虫1 + 外骨骼虫1 + 外骨骼虫1 + 外骨骼虫1
第二幕·蜂巢,ExoskeletonsWeak,外骨骼虫,普通,是,3,3.0,3.0,6.0,9.6,外骨骼虫1 + 外骨骼虫1 + 外骨骼虫1
第二幕·蜂巢,HunterKillerNormal,猎人杀手,普通,,1,4.0,0.0,4.0,6.4,猎人杀手4
第二幕·蜂巢,KaiserCrabBoss,帝皇蟹,Boss,,2,10.0,1.0,11.0,,碾碎爪5 + 火箭5
第二幕·蜂巢,InfestedPrismsElite,感染棱柱,精英,,1,12.0,0.0,12.0,18.0,感染棱柱12
第二幕·蜂巢,KnowledgeDemonBoss,知识恶魔,Boss,,1,10.0,0.0,10.0,,知识恶魔10
第二幕·蜂巢,LouseProgenitorNormal,虱虫之祖,普通,,1,5.0,0.0,5.0,8.0,虱虫之祖5
第二幕·蜂巢,MytesNormal,一群异螨,普通,,2,4.0,1.0,5.0,8.0,异螨2 + 异螨2
第二幕·蜂巢,OvicopterNormal,直飞产卵虫,普通,,1,4.0,0.0,4.0,6.4,直飞产卵虫4
第二幕·蜂巢,SlumberingBeetleNormal,熟睡派对,普通,,3,6.0,3.0,9.0,14.4,盛碗虫（石）2 + 盛碗虫（丝）1 + 熟睡甲虫3
第二幕·蜂巢,SpinyToadNormal,棘刺蟾蜍,普通,,1,4.0,0.0,4.0,6.4,棘刺蟾蜍4
第二幕·蜂巢,TheInsatiableBoss,无厌沙虫,Boss,,1,9.0,0.0,9.0,,无厌沙虫9
第二幕·蜂巢,TheObscuraNormal,胧光怪,普通,,1,4.0,0.0,4.0,6.4,胧光怪4
第二幕·蜂巢,ThievingHopperWeak,偷窃草蜢,普通,是,1,4.0,0.0,4.0,6.4,偷窃草蜢4
第二幕·蜂巢,TunnelerWeak,地道虫,普通,是,1,3.0,0.0,3.0,4.8,地道虫3
第三幕·荣耀,AxebotsNormal,巨斧机器人,普通,,1,6.0,0.0,6.0,9.6,巨斧机器人6
第三幕·荣耀,ConstructMenagerieNormal,一些构装体,普通,,3,8.0,3.0,11.0,17.6,拳击构装体2 + 方柱构装体3 + 方柱构装体3
第三幕·荣耀,DevotedSculptorWeak,虔诚雕刻师,普通,是,1,4.0,0.0,4.0,6.4,虔诚雕刻师4
第三幕·荣耀,AeonglassBoss,永世沙漏,Boss,,1,12.0,0.0,12.0,,永世沙漏12
第三幕·荣耀,FabricatorNormal,组装师,普通,,1,4.0,0.0,4.0,6.4,组装师4
第三幕·荣耀,FrogKnightNormal,青蛙骑士,普通,,1,6.0,0.0,6.0,9.6,青蛙骑士6
第三幕·荣耀,GlobeHeadNormal,一个孤单的电球头,普通,,1,5.0,0.0,5.0,8.0,电球头5
第三幕·荣耀,KnightsElite,骑士团伙,精英,,3,20.0,0.0,20.0,30.0,连枷骑士7 + 幽灵骑士7 + 魔法骑士6
第三幕·荣耀,MechaKnightElite,机甲骑士,精英,,1,18.0,0.0,18.0,27.0,机甲骑士18
第三幕·荣耀,OwlMagistrateNormal,猫头鹰法官,普通,,1,6.0,0.0,6.0,9.6,猫头鹰法官6
第三幕·荣耀,QueenBoss,女王,Boss,,2,13.0,1.0,14.0,,火炬头聚合体5 + 女王8
第三幕·荣耀,ScrollsOfBitingNormal,许多咬人卷轴,普通,,4,8.0,6.0,14.0,22.4,咬人卷轴2 + 咬人卷轴2 + 咬人卷轴2 + 咬人卷轴2
第三幕·荣耀,ScrollsOfBitingWeak,咬人卷轴,普通,是,3,6.0,3.0,9.0,14.4,咬人卷轴2 + 咬人卷轴2 + 咬人卷轴2
第三幕·荣耀,SlimedBerserkerNormal,史莱姆狂战士,普通,,1,6.0,0.0,6.0,9.6,史莱姆狂战士6
第三幕·荣耀,SoulNexusElite,灵魂枢纽,精英,,1,16.0,0.0,16.0,24.0,灵魂枢纽16
第三幕·荣耀,TestSubjectBoss,实验体,Boss,,1,13.0,0.0,13.0,,实验体 #C{Count}13
第三幕·荣耀,TheLostAndForgottenNormal,失落与遗忘之物,普通,,2,6.0,1.0,7.0,11.2,失落之物3 + 遗忘之物3
第三幕·荣耀,TurretOperatorWeak,高塔炮手,普通,是,2,5.0,1.0,6.0,9.6,活体盾3 + 高塔炮手2
