类名,中文名,英文名,所属幕,类型,简单遭遇池,最小血量,最大血量,平均血量,额外有效血量,有效血量,有效血量说明,招式(意图),意图顺序,特殊效果,T1伤害,T2伤害,T3伤害,前3回合伤害,伤害说明,力量成长,召唤,塞废牌,减益,人工制品,其他,机制分合计,机制说明,战力,源文件
CeremonialBeast,仪式兽,Ceremonial Beast,第一幕·密林,Boss,,252,252,252.0,0,252.0,,跺地[STAMP_MOVE]: 增益；横冲直撞[PLOW_MOVE]: 攻击18 + 增益；STUN_MOVE[STUN_MOVE]: 眩晕；野兽咆哮[BEAST_CRY_MOVE]: 减益；踩踏[STOMP_MOVE]: 攻击15；碾碎[CRUSH_MOVE]: 攻击17 + 增益,跺地(获得横冲150) → 横冲直撞18(+2力量)循环；血量≤150时眩晕并失去力量 → 野兽咆哮(耳鸣) → 踩踏15 → 碾碎17(+3力量)循环,横冲阈值随人数缩放；耳鸣：每回合只能打出一张受影响的牌,0,18,20,38,,2,0,0,2,0,0,4,横冲期持续涨力量；二阶段耳鸣,35.53,decompiled/sts2/MegaCrit.Sts2.Core.Models.Monsters/CeremonialBeast.cs
KinFollower,同族信徒,Kin Follower,第一幕·密林,Boss,,58,59,58.5,0,58.5,,快斩[QUICK_SLASH_MOVE]: 攻击5；回旋镖[BOOMERANG_MOVE]: 攻击2×2；力量之舞[POWER_DANCE_MOVE]: 增益,快斩5 → 回旋镖2×2 → 力量之舞(+2力量)；一只以力量之舞起手,随从,4,4,4,12,两种起手平均约12,1,0,0,0,0,0,1,,8.85,decompiled/sts2/MegaCrit.Sts2.Core.Models.Monsters/KinFollower.cs
KinPriest,同族神官,Kin Priest,第一幕·密林,Boss,,190,190,190.0,0,190.0,,脆弱法球[ORB_OF_FRAILTY_MOVE]: 攻击8 + 减益；虚弱法球[ORB_OF_WEAKNESS_MOVE]: 攻击8 + 减益；灵魂光束[BEAM_MOVE]: 攻击3×3；黑暗仪式[RITUAL_MOVE]: 增益,脆弱法球8(1脆弱) → 虚弱法球8(1虚弱) → 灵魂光束3×3 → 黑暗仪式(+2力量),,8,8,9,25,,1,0,0,1,0,0,2,,25.17,decompiled/sts2/MegaCrit.Sts2.Core.Models.Monsters/KinPriest.cs
Vantom,墨影幻灵,Vantom,第一幕·密林,Boss,,173,173,173.0,48,221.0,滑溜8次约挡48伤害,墨迹[INK_BLOT_MOVE]: 攻击7；墨水长枪[INKY_LANCE_MOVE]: 攻击6×2；肢解[DISMEMBER_MOVE]: 攻击26 + 塞3张状态牌；准备[PREPARE_MOVE]: 增益,墨迹7 → 墨水长枪6×2 → 肢解26(3张伤口) → 准备(+2力量) 循环,滑溜8：前8次受伤都降为1（随人数缩放）,7,12,26,45,,1,0,2,0,0,0,3,,32.6,decompiled/sts2/MegaCrit.Sts2.Core.Models.Monsters/Vantom.cs
EyeWithTeeth,利齿之眼,Eye with Teeth,第一幕·密林,召唤物,,6,6,6.0,0,6.0,,牵制[DISTRACT_MOVE]: 塞3张状态牌,牵制(3张晕眩) 循环,幻象：被击杀后下回合回满复活；随从,0,0,0,0,,0,0,2,0,0,0,2,,2.6,decompiled/sts2/MegaCrit.Sts2.Core.Models.Monsters/EyeWithTeeth.cs
Wriggler,扭动虫,Wriggler,第一幕·密林,召唤物,,17,21,19.0,0,19.0,,污秽啃咬[NASTY_BITE_MOVE]: 攻击6；扭动[WRIGGLE_MOVE]: 增益 + 塞1张状态牌；生成[SPAWNED_MOVE]: 眩晕,"污秽啃咬6 ↔ 扭动(1张感染,+2力量)；按位置交替起手",由异蛙寄生虫死亡生成，生成当回合眩晕,6,0,8,14,按起手啃咬计；另一半起手扭动,1,0,1,0,0,0,2,,6.23,decompiled/sts2/MegaCrit.Sts2.Core.Models.Monsters/Wriggler.cs
AssassinRubyRaider,劫掠者刺客,Assassin Raider,第一幕·密林,普通,,18,23,20.5,0,20.5,,致命射击[KILLSHOT_MOVE]: 攻击10,致命射击10 循环,,10,10,10,30,,0,0,0,0,0,0,0,,7.05,decompiled/sts2/MegaCrit.Sts2.Core.Models.Monsters/AssassinRubyRaider.cs
AxeRubyRaider,劫掠者斧手,Axe Raider,第一幕·密林,普通,,20,22,21.0,5,26.0,格挡,SWING_1[SWING_1]: 攻击5 + 格挡；SWING_2[SWING_2]: 攻击5 + 格挡；大力挥舞[BIG_SWING]: 攻击12,挥砍5(+5格挡) → 挥砍5(+5格挡) → 大力挥舞12,,5,5,12,22,,0,0,0,0,0,0,0,,6.27,decompiled/sts2/MegaCrit.Sts2.Core.Models.Monsters/AxeRubyRaider.cs
BruteRubyRaider,劫掠者暴徒,Brute Raider,第一幕·密林,普通,,30,33,31.5,0,31.5,,殴打[BEAT_MOVE]: 攻击7；怒吼[ROAR_MOVE]: 增益,殴打7 ↔ 怒吼(+3力量),,7,0,10,17,,2,0,0,0,0,0,2,,7.98,decompiled/sts2/MegaCrit.Sts2.Core.Models.Monsters/BruteRubyRaider.cs
CrossbowRubyRaider,劫掠者弩手,Crossbow Raider,第一幕·密林,普通,,18,21,19.5,0,19.5,,射击！[FIRE_MOVE]: 攻击14；装填[RELOAD_MOVE]: 格挡,装填(3格挡) ↔ 射击14,,0,14,0,14,,0,0,0,0,0,0,0,,4.28,decompiled/sts2/MegaCrit.Sts2.Core.Models.Monsters/CrossbowRubyRaider.cs
CubexConstruct,方柱构装体,Cubex Construct,第一幕·密林 / 第三幕·荣耀,普通,,65,65,65.0,13,78.0,开场13格挡,蓄能[CHARGE_UP_MOVE]: 增益；重复轰击[REPEATER_BLAST_MOVE]: 攻击7 + 增益；REPEATER_BLAST_MOVE_2[REPEATER_BLAST_MOVE_2]: 攻击7 + 增益；排出[EXPEL_MOVE]: 攻击5×2,蓄能(+2力量) → 重复轰击7(+2力量) → 重复轰击7(+2) → 排出5×2 → 回到重复轰击,开场13格挡、1层人工制品,0,9,11,20,,3,0,0,0,1,0,4,几乎每回合+2力量；1层人工制品,15.13,decompiled/sts2/MegaCrit.Sts2.Core.Models.Monsters/CubexConstruct.cs
Flyconid,飞蝇菌子,Flyconid,第一幕·密林,普通,,47,49,48.0,0,48.0,,易伤孢子[VULNERABLE_SPORES_MOVE]: 减益；脆弱孢子[FRAIL_SPORES_MOVE]: 攻击8 + 减益；猛砸[SMASH_MOVE]: 攻击11,首回合随机：脆弱孢子8(+2脆弱)[权重2]/猛砸11；之后随机：易伤孢子(2易伤)[3]/脆弱孢子[2]/猛砸[1]，不可连用,施加易伤、脆弱,9,3,4,16,随机分支取期望,0,0,0,2,0,0,2,,9.47,decompiled/sts2/MegaCrit.Sts2.Core.Models.Monsters/Flyconid.cs
Fogmog,雾菇,Fogmog,第一幕·密林,普通,,74,74,74.0,0,74.0,,虚幻孢子[ILLUSION_MOVE]: 召唤；重击[SWIPE_MOVE]: 攻击8 + 增益；SWIPE_RANDOM_MOVE[SWIPE_RANDOM_MOVE]: 攻击8 + 增益；HEADBUTT_MOVE[HEADBUTT_MOVE]: 攻击14,虚幻孢子(召唤利齿之眼) → 重击8(+1力量) → 40%重击/60%头槌14 → …,召唤的利齿之眼每回合塞3张晕眩，死亡后会复活,0,8,13,21,第3回合取期望,1,2,0,0,0,0,3,召唤会复活的利齿之眼,13.9,decompiled/sts2/MegaCrit.Sts2.Core.Models.Monsters/Fogmog.cs
FuzzyWurmCrawler,毛绒伏地虫,Fuzzy Wurm Crawler,第一幕·密林,普通,是,55,57,56.0,0,56.0,,FIRST_ACID_GOOP[FIRST_ACID_GOOP]: 攻击4；酸液黏球[ACID_GOOP]: 攻击4；吸入[INHALE]: 增益,酸液黏球4 → 吸入(+7力量) → 酸液黏球 → …,,4,0,11,15,,3,0,0,0,0,0,3,每3回合+7力量,11.1,decompiled/sts2/MegaCrit.Sts2.Core.Models.Monsters/FuzzyWurmCrawler.cs
Inklet,墨宝,Inklet,第一幕·密林,普通,,11,17,14.0,5,19.0,滑溜吃掉第一下伤害,刺击[JAB_MOVE]: 攻击3；旋风[WHIRLWIND_MOVE]: 攻击2×3；锐利凝视[PIERCING_GAZE_MOVE]: 攻击10,两侧：刺击3 → 随机(锐利凝视10/旋风2×3) → 刺击…；中间：旋风起手,滑溜1：第1次受到的伤害降为1（随人数缩放）,3,7,5,15,两侧与中间位置取平均,0,0,0,0,0,0,0,,4.4,decompiled/sts2/MegaCrit.Sts2.Core.Models.Monsters/Inklet.cs
LeafSlimeM,树叶史莱姆（中）,Leaf Slime (M),第一幕·密林,普通,是,32,35,33.5,0,33.5,,团块射击[CLUMP_SHOT]: 攻击8；黏糊射击[STICKY_SHOT]: 塞2张状态牌,黏糊射击(2张黏液) ↔ 团块射击8,,0,8,0,8,,0,0,2,0,0,0,2,,6.68,decompiled/sts2/MegaCrit.Sts2.Core.Models.Monsters/LeafSlimeM.cs
LeafSlimeS,树叶史莱姆（小）,Leaf Slime (S),第一幕·密林,普通,是,11,15,13.0,0,13.0,,冲撞[TACKLE_MOVE]: 攻击3；黏液[GOOP_MOVE]: 塞1张状态牌,冲撞3 / 黏液(1张黏液) 随机交替,,2,1,2,5,随机交替取期望,0,0,1,0,0,0,1,,3.13,decompiled/sts2/MegaCrit.Sts2.Core.Models.Monsters/LeafSlimeS.cs
Mawler,蛮兽,Mawler,第一幕·密林,普通,,72,72,72.0,0,72.0,,狂乱撕扯[RIP_AND_TEAR_MOVE]: 攻击14；怒吼[ROAR_MOVE]: 减益；爪击[CLAW_MOVE]: 攻击4×2,"爪击4×2 → 随机(狂乱撕扯14 / 怒吼(3易伤,只用一次) / 爪击，不可连用)",施加3层易伤,8,7,8,23,随机取期望,0,0,0,2,0,0,2,,13.03,decompiled/sts2/MegaCrit.Sts2.Core.Models.Monsters/Mawler.cs
Nibbit,小啃兽,Nibbit,第一幕·密林,普通,是,42,46,44.0,0,44.0,,顶撞[BUTT_MOVE]: 攻击12；SLICE_MOVE[SLICE_MOVE]: 攻击6 + 格挡；哈气[HISS_MOVE]: 增益,单只：顶撞12 → 切割6(+5格挡) → 哈气(+2力量)；成对时前排切割起手、后排哈气起手,,12,6,2,20,单只/前排/后排平均约20,1,0,0,0,0,0,1,,8.73,decompiled/sts2/MegaCrit.Sts2.Core.Models.Monsters/Nibbit.cs
ShrinkerBeetle,缩小甲虫,Shrinker Beetle,第一幕·密林,普通,是,38,40,39.0,0,39.0,,缩小[SHRINKER_MOVE]: 减益；大啃[CHOMP_MOVE]: 攻击7；践踏[STOMP_MOVE]: 攻击13,缩小 → 大啃7 → 践踏13 → 大啃…,缩小：目标攻击伤害-30%，持续到甲虫死亡,0,7,13,20,,0,0,0,3,0,0,3,永久-30%攻击伤害,10.23,decompiled/sts2/MegaCrit.Sts2.Core.Models.Monsters/ShrinkerBeetle.cs
SlitheringStrangler,蛇行扼杀者,Slithering Strangler,第一幕·密林,普通,,53,55,54.0,0,54.0,,缠身[CONSTRICT]: 减益；重击[THWACK]: 攻击7 + 格挡；甩动[LASH]: 攻击12,缠身(3层缠身) → 随机(重击7+5格挡 / 甩动12) → 缠身…,缠身：玩家每回合结束受3点伤害，直到扼杀者死亡,0,10,0,10,缠身伤害不计入意图,0,0,0,2,0,0,2,,9.07,decompiled/sts2/MegaCrit.Sts2.Core.Models.Monsters/SlitheringStrangler.cs
SnappingJaxfruit,闪光贾克斯果,Snapping Jaxfruit,第一幕·密林,普通,,31,33,32.0,0,32.0,,能量球[ENERGY_ORB_MOVE]: 攻击3 + 增益,能量球3(+2力量) 循环,,3,5,7,15,,2,0,0,0,0,0,2,,7.7,decompiled/sts2/MegaCrit.Sts2.Core.Models.Monsters/SnappingJaxfruit.cs
TrackerRubyRaider,劫掠者追踪手,Tracker Raider,第一幕·密林,普通,,21,25,23.0,0,23.0,,追踪[TRACK_MOVE]: 减益；放狗[HOUNDS_MOVE]: 攻击1×8,追踪(2脆弱) → 放狗1×8 循环,,0,8,8,16,,0,0,0,1,0,0,1,,5.97,decompiled/sts2/MegaCrit.Sts2.Core.Models.Monsters/TrackerRubyRaider.cs
TwigSlimeM,树枝史莱姆（中）,Twig Slime (M),第一幕·密林,普通,是,26,28,27.0,0,27.0,,戳刺扑击[POKEY_POUNCE_MOVE]: 攻击11；黏糊射击[STICKY_SHOT_MOVE]: 塞1张状态牌,黏糊射击(1张黏液) → 随机(戳刺扑击11 / 黏糊射击，后者不可连用),,0,11,6,17,,0,0,1,0,0,0,1,,6.53,decompiled/sts2/MegaCrit.Sts2.Core.Models.Monsters/TwigSlimeM.cs
TwigSlimeS,树枝史莱姆（小）,Twig Slime (S),第一幕·密林,普通,是,7,11,9.0,0,9.0,,冲撞[TACKLE_MOVE]: 攻击4,冲撞4 循环,,4,4,4,12,,0,0,0,0,0,0,0,,2.9,decompiled/sts2/MegaCrit.Sts2.Core.Models.Monsters/TwigSlimeS.cs
VineShambler,藤蔓蹒跚者,Vine Shambler,第一幕·密林,普通,,61,61,61.0,0,61.0,,紧绕藤蔓[GRASPING_VINES_MOVE]: 攻击8 + 卡牌减益；挥击[SWIPE_MOVE]: 攻击6×2；大啃[CHOMP_MOVE]: 攻击16,挥击6×2 → 紧绕藤蔓8(纠缠) → 大啃16 → …,纠缠：本回合攻击牌费用+1,12,8,16,36,,0,0,0,2,0,0,2,,14.1,decompiled/sts2/MegaCrit.Sts2.Core.Models.Monsters/VineShambler.cs
BygoneEffigy,旧日雕像,Bygone Effigy,第一幕·密林,精英,,127,127,127.0,-30,97.0,缓慢使其越打越脆，约折-25%,沉睡[SLEEP_MOVE]: 沉睡；苏醒[WAKE_MOVE]: 增益；SLEEP_MOVE_2[SLEEP_MOVE_2]: 沉睡；斩击[SLASHES_MOVE]: 攻击13,沉睡 → 苏醒(+10力量) → 斩击13 循环,自带缓慢：每层使其受到的攻击伤害+10%,0,0,23,23,第3回合斩击13+10力量,3,0,0,0,0,0,3,苏醒一次+10力量,16.53,decompiled/sts2/MegaCrit.Sts2.Core.Models.Monsters/BygoneEffigy.cs
Byrdonis,多尼斯异鸟,Byrdonis,第一幕·密林,精英,,81,84,82.5,0,82.5,,啄击[PECK_MOVE]: 攻击3×3；飞扑[SWOOP_MOVE]: 攻击17,飞扑17 ↔ 啄击3×3,领地意识：每个敌方回合结束+1力量,17,12,19,48,力量每回合+1,2,0,0,0,0,0,2,每回合+1力量,18.25,decompiled/sts2/MegaCrit.Sts2.Core.Models.Monsters/Byrdonis.cs
PhrogParasite,异蛙寄生虫,Phrog Parasite,第一幕·密林,精英,,61,64,62.5,76,138.5,死后分裂出4只扭动虫（平均19血）,感染[INFECT_MOVE]: 塞3张状态牌；甩动[LASH_MOVE]: 攻击4×4,感染(3张感染) ↔ 甩动4×4,死亡时召唤4只扭动虫（首回合眩晕）,0,16,0,16,,0,2,2,0,0,0,4,死亡召唤4只；每2回合塞3张感染,20.52,decompiled/sts2/MegaCrit.Sts2.Core.Models.Monsters/PhrogParasite.cs
LagavulinMatriarch,乐加维林族母,Lagavulin Matriarch,第一幕·暗港,Boss,,222,222,222.0,12,234.0,镀层12,沉睡[SLEEP_MOVE]: 沉睡；斩击[SLASH_MOVE]: 攻击19；SLASH2_MOVE[SLASH2_MOVE]: 攻击12 + 格挡；开膛破肚[DISEMBOWEL_MOVE]: 攻击9×2；灵魂汲取[SOUL_SIPHON_MOVE]: 减益 + 增益,沉睡(最多3回合，受伤即醒并晕一回合) → 斩击19 → 开膛破肚9×2 → 斩击12(+12格挡) → 灵魂汲取(-2力量-2敏捷，自身+2力量),沉睡时镀层12,0,0,19,19,假设第1回合就被打醒,1,0,0,3,0,0,4,永久偷力量和敏捷,30.57,decompiled/sts2/MegaCrit.Sts2.Core.Models.Monsters/LagavulinMatriarch.cs
SoulFysh,灵魂异鱼,Soul Fysh,第一幕·暗港,Boss,,211,211,211.0,40,251.0,无实体2回合,呼唤[BECKON_MOVE]: 塞2张状态牌；排气[DE_GAS_MOVE]: 攻击16；凝视[GAZE_MOVE]: 攻击7 + 塞1张状态牌；消逝[FADE_MOVE]: 增益；尖叫[SCREAM_MOVE]: 攻击13 + 减益,呼唤(2张召唤牌) → 排气16 → 凝视7(+1召唤牌) → 消逝(2层无实体) → 尖叫13(3易伤) → …,,0,16,7,23,,0,0,3,2,0,0,5,,33.93,decompiled/sts2/MegaCrit.Sts2.Core.Models.Monsters/SoulFysh.cs
WaterfallGiant,瀑布巨兽,Waterfall Giant,第一幕·暗港,Boss,,240,240,240.0,10,250.0,虹吸回血,增压[PRESSURIZE_MOVE]: 增益；践踏[STOMP_MOVE]: 攻击15 + 减益 + 增益；撞击[RAM_MOVE]: 攻击10 + 增益；虹吸[SIPHON_MOVE]: 回血 + 增益；压力炮[PRESSURE_GUN_MOVE]: 攻击? + 增益；增压[PRESSURE_UP_MOVE]: 攻击13 + 增益；即将爆发[ABOUT_TO_BLOW_MOVE]: 眩晕；爆炸[EXPLODE_MOVE]: 自爆None,增压(蒸汽喷发15) → 践踏15(1虚弱) → 撞击10 → 虹吸(回10血/人) → 压力枪20(每次+5) → 增压冲击13 → 践踏…,每个动作+3蒸汽；死亡后进入引爆状态，下回合造成等于蒸汽层数的伤害,0,15,10,25,,0,0,0,1,0,3,4,死后爆炸,33.17,decompiled/sts2/MegaCrit.Sts2.Core.Models.Monsters/WaterfallGiant.cs
FatGremlin,胖地精,Fat Gremlin,第一幕·暗港,召唤物,,13,17,15.0,0,15.0,,醒来[SPAWNED_MOVE]: 眩晕；逃跑[FLEE_MOVE]: 逃跑,醒来(眩晕) → 逃跑,带着偷走的金币逃跑,0,0,0,0,,0,0,0,0,0,1,1,,2.5,decompiled/sts2/MegaCrit.Sts2.Core.Models.Monsters/FatGremlin.cs
GasBomb,气态炸弹,Gas Bomb,第一幕·暗港,召唤物,,7,7,7.0,0,7.0,,爆炸[EXPLODE_MOVE]: 自爆8,爆炸8后自毁,随从,8,0,0,8,,0,0,0,0,0,0,0,,2.03,decompiled/sts2/MegaCrit.Sts2.Core.Models.Monsters/GasBomb.cs
SneakyGremlin,卑鄙地精,Sneaky Gremlin,第一幕·暗港,召唤物,,10,14,12.0,0,12.0,,醒来[SPAWNED_MOVE]: 眩晕；冲撞[TACKLE_MOVE]: 攻击9,醒来(眩晕) → 冲撞9 循环,,0,9,9,18,,0,0,0,0,0,0,0,,4.2,decompiled/sts2/MegaCrit.Sts2.Core.Models.Monsters/SneakyGremlin.cs
CalcifiedCultist,钙化邪教徒,Calcified Cultist,第一幕·暗港,普通,,38,41,39.5,0,39.5,,念咒[INCANTATION_MOVE]: 增益；黑暗打击[DARK_STRIKE_MOVE]: 攻击9,念咒(仪式2) → 黑暗打击9 循环,仪式：施加后的下一个回合起每回合末+2力量,0,9,11,20,,3,0,0,0,0,0,3,,10.28,decompiled/sts2/MegaCrit.Sts2.Core.Models.Monsters/CalcifiedCultist.cs
CorpseSlug,噬尸蛞蝓,Corpse Slug,第一幕·暗港,普通,是,25,27,26.0,0,26.0,,鞭打[WHIP_SLAP_MOVE]: 攻击3×2；扑上[GLOMP_MOVE]: 攻击8；黏液[GOOP_MOVE]: 减益,鞭打3×2 → 扑上8 → 黏液(2脆弱)，同组错开起手,贪食4：队友死亡时自身眩晕一回合并+4力量,6,8,0,14,三种起手的3回合总和相同(14),1,0,0,1,0,0,2,,6.93,decompiled/sts2/MegaCrit.Sts2.Core.Models.Monsters/CorpseSlug.cs
DampCultist,潮湿邪教徒,Damp Cultist,第一幕·暗港,普通,,51,53,52.0,0,52.0,,念咒[INCANTATION_MOVE]: 增益；黑暗打击[DARK_STRIKE_MOVE]: 攻击1,念咒(仪式5) → 黑暗打击1 循环,仪式5,0,1,6,7,,3,0,0,0,0,0,3,,9.37,decompiled/sts2/MegaCrit.Sts2.Core.Models.Monsters/DampCultist.cs
FossilStalker,化石追踪者,Fossil Stalker,第一幕·暗港,普通,,51,53,52.0,0,52.0,,冲撞[TACKLE_MOVE]: 攻击9 + 减益；缠上[LATCH_MOVE]: 攻击12；甩动[LASH_MOVE]: 攻击3×2,缠上12起手，之后随机(冲撞9+1脆弱 / 缠上12 / 甩动3×2),吸取3：每次攻击造成伤害后+3力量（多段按段计）,12,13,15,40,假设约半数攻击被格挡,3,0,0,1,0,0,4,,15.87,decompiled/sts2/MegaCrit.Sts2.Core.Models.Monsters/FossilStalker.cs
GremlinMerc,地精佣兵,Gremlin Merc,第一幕·暗港,普通,,47,49,48.0,12,60.0,死后出现卑鄙地精(12血),拿来[GIMME_MOVE]: 攻击7×2；双重猛击[DOUBLE_SMASH_MOVE]: 攻击6×2 + 减益；嘿嘿[HEHE_MOVE]: 攻击8 + 增益,拿来7×2 → 双重猛击6×2(2虚弱) → 嘿嘿8(+2力量),偷窃：每次出手偷每名玩家最多20金；死亡后召唤卑鄙地精与胖地精,14,12,8,34,,0,2,0,1,0,1,4,偷金币；死后召唤,15.67,decompiled/sts2/MegaCrit.Sts2.Core.Models.Monsters/GremlinMerc.cs
HauntedShip,幽灵船,Haunted Ship,第一幕·暗港,普通,,63,63,63.0,0,63.0,,扫击[SWIPE_MOVE]: 攻击13；践踏[STOMP_MOVE]: 攻击4×3；纠缠[HAUNT_MOVE]: 减益 + 塞5张状态牌,纠缠(3虚弱+5张晕眩) → 扫击13 → 践踏4×3 → 扫击…,,0,13,12,25,,0,0,2,2,0,0,4,,14.47,decompiled/sts2/MegaCrit.Sts2.Core.Models.Monsters/HauntedShip.cs
LivingFog,活雾,Living Fog,第一幕·暗港,普通,,80,80,80.0,0,80.0,,先进毒气[ADVANCED_GAS_MOVE]: 攻击8 + 卡牌减益；膨胀[BLOAT_MOVE]: 攻击5 + 召唤；超级毒气爆炸[SUPER_GAS_BLAST_MOVE]: 攻击8,先进毒气8(雾霾) → 膨胀5(召唤气态炸弹) → 超级毒气爆炸8 → 膨胀…,雾霾：打出技能后其余技能被雾化无法打出,8,5,8,21,,0,2,0,2,0,0,4,,15.5,decompiled/sts2/MegaCrit.Sts2.Core.Models.Monsters/LivingFog.cs
PunchConstruct,拳击构装体,Punch Construct,第一幕·暗港 / 第三幕·荣耀,普通,,55,55,55.0,10,65.0,10格挡,准备就绪[READY_MOVE]: 格挡；强力拳[STRONG_PUNCH_MOVE]: 攻击14；快速拳[FAST_PUNCH_MOVE]: 攻击5×2 + 减益,准备就绪(10格挡) → 快速拳5×2(1脆弱) → 强力拳14 → …,1层人工制品,0,10,14,24,,0,0,0,1,1,0,2,,12.5,decompiled/sts2/MegaCrit.Sts2.Core.Models.Monsters/PunchConstruct.cs
Seapunk,海洋混混,Seapunk,第一幕·暗港,普通,是,44,46,45.0,7,52.0,格挡,海洋踢[SEA_KICK_MOVE]: 攻击11；回旋踢[SPINNING_KICK_MOVE]: 攻击2×4；吐泡泡[BUBBLE_BURP_MOVE]: 增益 + 格挡,海洋踢11 → 回旋踢2×4 → 吐泡泡(7格挡+1力量),,11,8,0,19,,1,0,0,0,0,0,1,,9.37,decompiled/sts2/MegaCrit.Sts2.Core.Models.Monsters/Seapunk.cs
SewerClam,下水道蚌,Sewer Clam,第一幕·暗港,普通,,56,56,56.0,21,77.0,镀层8+7+6,增压[PRESSURIZE_MOVE]: 增益；喷射[JET_MOVE]: 攻击10,喷射10 ↔ 增压(+4力量),镀层8（每回合末获得格挡，逐回合-1）,10,0,14,24,,2,0,0,0,0,0,2,,13.7,decompiled/sts2/MegaCrit.Sts2.Core.Models.Monsters/SewerClam.cs
SludgeSpinner,淤泥旋螺,Sludge Spinner,第一幕·暗港,普通,是,37,39,38.0,0,38.0,,喷油[OIL_SPRAY_MOVE]: 攻击8 + 减益；砸击[SLAM_MOVE]: 攻击11；狂怒[RAGE_MOVE]: 攻击6 + 增益,喷油8(1虚弱)起手，之后随机(喷油/砸击11/狂怒6+3力量，不可连用),,8,9,10,27,随机取期望,1,0,0,1,0,0,2,,10.3,decompiled/sts2/MegaCrit.Sts2.Core.Models.Monsters/SludgeSpinner.cs
Toadpole,蟾蜍蝌蚪,Toadpole,第一幕·暗港,普通,是,21,25,23.0,0,23.0,,吐刺[SPIKE_SPIT_MOVE]: 攻击3×3；旋转[WHIRL_MOVE]: 攻击7；带刺[SPIKEN_MOVE]: 增益,前排：带刺(+2荆棘) → 吐刺3×3 → 旋转7；后排：旋转起手,荆棘2,0,9,7,16,,0,0,0,0,0,1,1,,5.97,decompiled/sts2/MegaCrit.Sts2.Core.Models.Monsters/Toadpole.cs
TwoTailedRat,双尾鼠,Two-Tailed Rat,第一幕·暗港,普通,,17,21,19.0,0,19.0,,抓挠[SCRATCH_MOVE]: 攻击8；疾病啃咬[DISEASE_BITE_MOVE]: 攻击6；尖声嘶吼[SCREECH_MOVE]: 减益；呼唤后援[CALL_FOR_BACKUP_MOVE]: 召唤,随机(抓挠8 / 疾病啃咬6 / 尖声嘶吼1脆弱 / 呼唤后援)，两回合后75%呼唤后援,呼唤后援：再召唤一只双尾鼠（全组最多3次）,5,5,2,12,随机取期望,0,2,0,1,0,0,3,,6.9,decompiled/sts2/MegaCrit.Sts2.Core.Models.Monsters/TwoTailedRat.cs
PhantasmalGardener,花园幽灵鳗,Phantasmal Gardener,第一幕·暗港,精英,,26,31,28.5,12,40.5,易惊格挡约2次,啃咬[BITE_MOVE]: 攻击5；甩动[LASH_MOVE]: 攻击7；猛晃[FLAIL_MOVE]: 攻击1×3；变大[ENLARGE_MOVE]: 增益,啃咬5 → 甩动7 → 猛晃1×3 → 变大(+2力量)，4只按位置错开起手,易惊6：每回合首次受击获得6格挡（随人数缩放）,5,4,4,13,4个起手平均约13,1,0,0,0,0,0,1,,7.22,decompiled/sts2/MegaCrit.Sts2.Core.Models.Monsters/PhantasmalGardener.cs
SkulkingColony,鬼祟珊瑚群,Skulking Colony,第一幕·暗港,精英,,75,75,75.0,37,112.0,每回合最多掉20血，按第一幕约30伤害/回合折算×1.5,猛冲[ZOOM_MOVE]: 攻击14；ZOOM_MOVE_2[ZOOM_MOVE_2]: 攻击14；惯性[INERTIA_MOVE]: 攻击9 + 增益；穿刺戳击[PIERCING_STABS_MOVE]: 攻击7×2,猛冲14 → 猛冲14 → 惯性9(+2力量) → 穿刺戳击7×2 → …,硬化外壳20：每回合最多失去20血（随人数缩放）,14,14,9,37,,1,0,0,0,0,0,1,,18.37,decompiled/sts2/MegaCrit.Sts2.Core.Models.Monsters/SkulkingColony.cs
TerrorEel,骇鳗,Terror Eel,第一幕·暗港,精英,,140,140,140.0,0,140.0,,撞击[CRASH_MOVE]: 攻击16；撕扯[THRASH_MOVE]: 攻击3×3 + 增益；STUN_MOVE[STUN_MOVE]: 眩晕；恐吓[TERROR_MOVE]: 减益,撞击16 ↔ 撕扯3×3(+6活力)；血量≤70时眩晕一回合 → 恐吓(99层易伤),尖啸70：半血触发；之后玩家永久易伤,16,9,22,47,活力6加到下一次撞击,1,0,0,2,0,0,3,半血后99易伤，但先自晕一回合,24.83,decompiled/sts2/MegaCrit.Sts2.Core.Models.Monsters/TerrorEel.cs
Crusher,碾碎爪,Crusher,第二幕·蜂巢,Boss,,209,209,209.0,0,209.0,,撕扯[THRASH_MOVE]: 攻击12；巨化打击[ENLARGING_STRIKE_MOVE]: 攻击4；虫蛰[BUG_STING_MOVE]: 攻击6×2 + 减益；适应[ADAPT_MOVE]: 增益；戒备打击[GUARDED_STRIKE_MOVE]: 攻击12 + 格挡,撕扯12 → 巨化打击4 → 虫蛰6×2(2虚弱2脆弱) → 适应(+2力量) → 戒备打击12(+18格挡),螃蟹之怒：另一只钳子死后获得力量和大量格挡,12,4,12,28,,1,0,0,2,0,0,3,,28.57,decompiled/sts2/MegaCrit.Sts2.Core.Models.Monsters/Crusher.cs
KnowledgeDemon,知识恶魔,Knowledge Demon,第二幕·蜂巢,Boss,,379,379,379.0,30,409.0,思考回血,知识的诅咒[CURSE_OF_KNOWLEDGE_MOVE]: 减益；抽打[SLAP_MOVE]: 攻击17；知识过载[KNOWLEDGE_OVERWHELMING_MOVE]: 攻击8×3；思考[PONDER_MOVE]: 攻击11 + 回血 + 增益,"知识的诅咒(玩家二选一诅咒) → 抽打17 → 知识过载8×3 → 思考11(回30血/人,+2力量) → 前3次诅咒后不再诅咒",,0,17,24,41,,1,0,0,3,0,0,4,,51.73,decompiled/sts2/MegaCrit.Sts2.Core.Models.Monsters/KnowledgeDemon.cs
Rocket,火箭,Rocket,第二幕·蜂巢,Boss,,199,199,199.0,0,199.0,,瞄准十字[TARGETING_RETICLE_MOVE]: 攻击3；精准光束[PRECISION_BEAM_MOVE]: 攻击18；蓄能[CHARGE_UP_MOVE]: 增益；激光[LASER_MOVE]: 攻击31；重新充能[RECHARGE_MOVE]: 沉睡,瞄准十字3 → 精准光束18 → 蓄能(+2力量) → 激光31 → 重新充能,包围：从背后受到的伤害×1.5,3,18,0,21,,1,0,0,0,0,1,2,,25.4,decompiled/sts2/MegaCrit.Sts2.Core.Models.Monsters/Rocket.cs
TheInsatiable,无厌沙虫,The Insatiable,第二幕·蜂巢,Boss,,321,321,321.0,0,321.0,,液化地面[LIQUIFY_GROUND_MOVE]: 增益 + 塞6张状态牌；撕扯[THRASH_MOVE]: 攻击8×2；THRASH_MOVE_2[THRASH_MOVE_2]: 攻击8×2；前扑啃咬[LUNGING_BITE_MOVE]: 攻击28；分泌唾液[SALIVATE_MOVE]: 增益,液化地面(流沙4 + 6张狂乱逃脱) → 撕扯8×2 → 前扑啃咬28 → 分泌唾液(+2力量) → 撕扯…,流沙：倒计时结束会吞掉玩家,0,16,28,44,,0,0,3,0,0,2,5,,44.43,decompiled/sts2/MegaCrit.Sts2.Core.Models.Monsters/TheInsatiable.cs
Parafright,寄生惧魔,Parafright,第二幕·蜂巢,召唤物,,21,21,21.0,0,21.0,,砸击[SLAM_MOVE]: 攻击16,砸击16 循环,幻象：被击杀后回满复活；随从,16,16,16,48,,0,0,0,0,0,0,0,,10.1,decompiled/sts2/MegaCrit.Sts2.Core.Models.Monsters/Parafright.cs
ToughEgg,结实的卵,Tough Egg,第二幕·蜂巢,召唤物,,14,18,16.0,0,16.0,,孵化[HATCH_MOVE]: 召唤；啃咬[NIBBLE_MOVE]: 攻击4,孵化 → 啃咬4 循环,孵化后变为19~22血的幼体；随从,0,4,4,8,,0,0,0,0,0,0,0,,2.93,decompiled/sts2/MegaCrit.Sts2.Core.Models.Monsters/ToughEgg.cs
BowlbugEgg,盛碗虫（卵）,Bowlbug (Egg),第二幕·蜂巢,普通,是,21,22,21.5,7,28.5,格挡,啃咬[BITE_MOVE]: 攻击7 + 格挡,啃咬7(+7格挡) 循环,,7,7,7,21,,0,0,0,0,0,0,0,,6.35,decompiled/sts2/MegaCrit.Sts2.Core.Models.Monsters/BowlbugEgg.cs
BowlbugNectar,盛碗虫（蜜）,Bowlbug (Nectar),第二幕·蜂巢,普通,是,35,38,36.5,0,36.5,,撕扯[THRASH_MOVE]: 攻击3；强化[BUFF_MOVE]: 增益；THRASH2_MOVE[THRASH2_MOVE]: 攻击3,撕扯3 → 强化(+15力量) → 撕扯 循环,,3,0,18,21,,3,0,0,0,0,0,3,,10.15,decompiled/sts2/MegaCrit.Sts2.Core.Models.Monsters/BowlbugNectar.cs
BowlbugRock,盛碗虫（石）,Bowlbug (Rock),第二幕·蜂巢,普通,是,45,48,46.5,0,46.5,,头槌[HEADBUTT_MOVE]: 攻击15；昏头转向[DIZZY_MOVE]: 眩晕,头槌15 循环,失衡：攻击被完全格挡时自身眩晕,15,15,15,45,,0,0,0,0,0,0,0,,12.15,decompiled/sts2/MegaCrit.Sts2.Core.Models.Monsters/BowlbugRock.cs
BowlbugSilk,盛碗虫（丝）,Bowlbug (Silk),第二幕·蜂巢,普通,,40,43,41.5,0,41.5,,撕扯[THRASH_MOVE]: 攻击4×2；毒性喷吐[TOXIC_SPIT_MOVE]: 减益,毒性喷吐(1虚弱) ↔ 撕扯4×2,,0,8,0,8,,0,0,0,1,0,0,1,,6.48,decompiled/sts2/MegaCrit.Sts2.Core.Models.Monsters/BowlbugSilk.cs
Chomper,啃咬机,Chomper,第二幕·蜂巢,普通,,60,64,62.0,0,62.0,,猛夹[CLAMP_MOVE]: 攻击8×2；尖锐鸣叫[SCREECH_MOVE]: 塞3张状态牌,猛夹8×2 ↔ 尖锐鸣叫(3张晕眩)，同组一只先鸣叫,2层人工制品,8,8,8,24,两种起手平均,0,0,2,0,2,0,4,,14.2,decompiled/sts2/MegaCrit.Sts2.Core.Models.Monsters/Chomper.cs
Exoskeleton,外骨骼虫,Exoskeleton,第二幕·蜂巢,普通,是,24,28,26.0,8,34.0,单次伤害上限9，约+30%,忙乱[SKITTER_MOVE]: 攻击1×3；啃食[MANDIBLES_MOVE]: 攻击8；激怒[ENRAGE_MOVE]: 增益,按位置：忙乱1×3 / 啃食8 / 激怒(+2力量) / 随机起手，之后随机,坚不可摧9：单次受到伤害最多9,5,5,4,14,4个位置平均约14,1,0,0,0,0,0,1,,6.73,decompiled/sts2/MegaCrit.Sts2.Core.Models.Monsters/Exoskeleton.cs
HunterKiller,猎人杀手,Hunter Killer,第二幕·蜂巢,普通,,121,121,121.0,0,121.0,,嫩化黏液[TENDERIZING_GOOP_MOVE]: 减益；啃咬[BITE_MOVE]: 攻击17；刺穿[PUNCTURE_MOVE]: 攻击7×3,嫩化黏液(嫩化) → 随机(啃咬17 / 刺穿7×3),嫩化：每打出一张牌本回合-1力量-1敏捷,0,19,20,39,,0,0,0,2,0,0,2,,20.6,decompiled/sts2/MegaCrit.Sts2.Core.Models.Monsters/HunterKiller.cs
LouseProgenitor,虱虫之祖,Louse Progenitor,第二幕·蜂巢,普通,,134,136,135.0,28,163.0,蜷缩14+成长格挡14,吐网炮[WEB_CANNON_MOVE]: 攻击9 + 减益；猛扑[POUNCE_MOVE]: 攻击14；蜷身成长[CURL_AND_GROW_MOVE]: 格挡 + 增益,"吐网炮9(2脆弱) → 蜷身成长(14格挡,+5力量) → 猛扑14 → …",蜷缩14：首次被攻击后获得14格挡,9,0,19,28,,2,0,0,1,0,0,3,,23.97,decompiled/sts2/MegaCrit.Sts2.Core.Models.Monsters/LouseProgenitor.cs
Myte,异螨,Myte,第二幕·蜂巢,普通,,61,67,64.0,0,64.0,,浓毒[TOXIC_MOVE]: 塞2张状态牌；啃咬[BITE_MOVE]: 攻击13；吸吮[SUCK_MOVE]: 攻击4 + 增益,1号位：浓毒(2张毒素入手) → 啃咬13 → 吸吮4(+2力量)；2号位吸吮起手,,2,7,9,18,两个位置平均约18,1,0,2,0,0,0,3,,12.4,decompiled/sts2/MegaCrit.Sts2.Core.Models.Monsters/Myte.cs
Ovicopter,直飞产卵虫,Ovicopter,第二幕·蜂巢,普通,,124,130,127.0,0,127.0,,产卵[LAY_EGGS_MOVE]: 召唤；猛砸[SMASH_MOVE]: 攻击16；嫩化[TENDERIZER_MOVE]: 攻击7 + 减益；高营养糊糊[NUTRITIONAL_PASTE_MOVE]: 增益,产卵(3个结实的卵) → 猛砸16 → 嫩化7(2易伤) → 场上≤3只则再产卵，否则+3力量,,0,16,7,23,,0,3,0,1,0,0,4,,20.53,decompiled/sts2/MegaCrit.Sts2.Core.Models.Monsters/Ovicopter.cs
SlumberingBeetle,熟睡甲虫,Slumbering Beetle,第二幕·蜂巢,普通,,86,86,86.0,15,101.0,镀层15,打鼾[SNORE_MOVE]: 沉睡；出击[ROLL_OUT_MOVE]: 攻击16 + 增益,打鼾(沉睡3) → 出击16(+2力量) 循环,沉睡时镀层15；受3次伤害或3回合后醒来,0,0,16,16,假设被打醒,2,0,0,0,0,0,2,,14.77,decompiled/sts2/MegaCrit.Sts2.Core.Models.Monsters/SlumberingBeetle.cs
SpinyToad,棘刺蟾蜍,Spiny Toad,第二幕·蜂巢,普通,,116,119,117.5,0,117.5,,伸出尖刺[PROTRUDING_SPIKES_MOVE]: 增益；尖刺爆破[SPIKE_EXPLOSION_MOVE]: 攻击23；吐舌[TONGUE_LASH_MOVE]: 攻击17,伸出尖刺(5荆棘) → 尖刺爆破23 → 吐舌17 → …,,0,23,17,40,,0,0,0,0,0,1,1,,19.42,decompiled/sts2/MegaCrit.Sts2.Core.Models.Monsters/SpinyToad.cs
TheObscura,胧光怪,The Obscura,第二幕·蜂巢,普通,,123,123,123.0,0,123.0,,幻象[ILLUSION_MOVE]: 召唤；锐利凝视[PIERCING_GAZE_MOVE]: 攻击10；起航[SAIL_MOVE]: 增益；硬化攻击[HARDENING_STRIKE_MOVE]: 攻击6 + 格挡,幻象(召唤寄生惧魔) → 随机(锐利凝视10 / 起航:全体+3力量 / 硬化攻击6+6格挡),,0,5,7,12,,1,3,0,0,0,0,4,召唤会复活的寄生惧魔,18.3,decompiled/sts2/MegaCrit.Sts2.Core.Models.Monsters/TheObscura.cs
ThievingHopper,偷窃草蜢,Thieving Hopper,第二幕·蜂巢,普通,是,79,79,79.0,20,99.0,振翅减伤,偷盗[THIEVERY_MOVE]: 攻击17 + 卡牌减益；抢夺[NAB_MOVE]: 攻击14；帽子戏法[HAT_TRICK_MOVE]: 攻击21；振翅[FLUTTER_MOVE]: 增益；逃跑[ESCAPE_MOVE]: 逃跑,偷盗17(偷一张牌) → 振翅(5层) → 帽子戏法21 → 抢夺14 → 逃跑,振翅：受到的攻击伤害减半，被打5次后眩晕；5回合后逃跑，偷的牌就没了,17,0,21,38,,0,0,0,0,0,2,2,偷牌,18.23,decompiled/sts2/MegaCrit.Sts2.Core.Models.Monsters/ThievingHopper.cs
Tunneler,地道虫,Tunneler,第二幕·蜂巢,普通,是,87,87,87.0,32,119.0,钻洞格挡,啃咬[BITE_MOVE]: 攻击13；钻洞[BURROW_MOVE]: 增益 + 格挡；下方攻击[BELOW_MOVE]: 攻击23；昏头转向[DIZZY_MOVE]: 眩晕,啃咬13 → 钻洞(32格挡且保留) → 下方攻击23 循环；格挡被打破则眩晕,,13,0,23,36,,0,0,0,0,0,0,0,,17.9,decompiled/sts2/MegaCrit.Sts2.Core.Models.Monsters/Tunneler.cs
DecimillipedeSegment,残杀千足虫,Decimillipede,第二幕·蜂巢,精英,,40,46,43.0,17,60.0,通常先死的两节各复活一次(25)，摊到每节,扭动[WRITHE_MOVE]: 攻击5×2；胀大[BULK_MOVE]: 攻击6 + 增益；紧缠[CONSTRICT_MOVE]: 攻击8 + 减益；死亡[DEAD_MOVE]: 无；接续[REATTACH_MOVE]: 回血,紧缠8(1虚弱) → 胀大6(+2力量) → 扭动5×2 循环，3节错开起手,接续25：被击杀后只要还有别的节活着，下回合回25血复活；三节都死才结束,8,8,10,26,三种起手平均约26,1,0,0,1,0,0,2,,12.33,decompiled/sts2/MegaCrit.Sts2.Core.Models.Monsters/DecimillipedeSegment.cs
Entomancer,蜂群术士,Entomancer,第二幕·蜂巢,精英,,145,145,145.0,0,145.0,,喷射信息素[PHEROMONE_SPIT_MOVE]: 增益；蜜——蜂——！[BEES_MOVE]: 攻击3×7；矛击！[SPEAR_MOVE]: 攻击18,蜜蜂3×7 → 矛击18 → 喷射信息素(蜂巢+1、+1力量) → …,私人蜂巢：每次被攻击，往攻击者抽牌堆塞晕眩,21,18,0,39,,1,0,2,0,0,0,3,,24.0,decompiled/sts2/MegaCrit.Sts2.Core.Models.Monsters/Entomancer.cs
InfestedPrism,感染棱柱,Infested Prism,第二幕·蜂巢,精英,,161,161,161.0,11,172.0,格挡,刺击[JAB_MOVE]: 攻击15；辐射[RADIATE_MOVE]: 攻击11 + 格挡；旋风[WHIRLWIND_MOVE]: 攻击5×3；脉动[PULSATE_MOVE]: 攻击8 + 增益 + 格挡,"刺击15 → 辐射11(+11格挡) → 旋风5×3 → 脉动8(+20格挡,+火花)",生命火花2：玩家技能牌被污染，打出后受到的攻击伤害+2,15,11,15,41,,0,0,0,2,0,0,2,,26.03,decompiled/sts2/MegaCrit.Sts2.Core.Models.Monsters/InfestedPrism.cs
Aeonglass,永世沙漏,Aeonglass,第三幕·荣耀,Boss,,512,512,512.0,33,545.0,格挡,消退[EBB_MOVE]: 攻击22 + 格挡；眼部激光[EYE_LASERS_MOVE]: 攻击11×2；加大力度[INCREASING_INTENSITY_MOVE]: 塞1张状态牌 + 增益,"消退22(+33格挡) → 眼部激光11×2 → 加大力度(凋零牌+3力量,每次+1) → …",凋零存在：每名玩家每打6张牌获得一张凋零；3层人工制品,22,22,0,44,,2,0,2,1,2,0,7,,68.83,decompiled/sts2/MegaCrit.Sts2.Core.Models.Monsters/Aeonglass.cs
Queen,女王,Queen,第三幕·荣耀,Boss,,400,400,400.0,20,420.0,格挡,PUPPET_STRINGS_MOVE[PUPPET_STRINGS_MOVE]: 卡牌减益；你是我的了[YOU_ARE_MINE_MOVE]: 减益；为我尽力燃烧吧[BURN_BRIGHT_FOR_ME_MOVE]: 增益 + 格挡；将头砍下[OFF_WITH_YOUR_HEAD_MOVE]: 攻击3×5；处决[EXECUTION_MOVE]: 攻击15；ENRAGE_MOVE[ENRAGE_MOVE]: 增益,"傀儡之线(束缚3) → 你是我的了(99脆弱/虚弱/易伤) → 为我尽力燃烧吧(聚合体+1力量,自身20格挡)直到聚合体死亡 → 将头砍下3×5 → 处决15 → 激怒(+2力量)",束缚：每回合限制可打出的牌,0,0,0,0,,1,0,0,3,0,0,4,,46.0,decompiled/sts2/MegaCrit.Sts2.Core.Models.Monsters/Queen.cs
TestSubject,实验体 #C{Count},Test Subject #C{Count},第三幕·荣耀,Boss,,100,100,100.0,500,600.0,两次复活：200+300,重生[RESPAWN_MOVE]: 回血 + 增益；噬咬[BITE_MOVE]: 攻击20；颅骨重击[SKULL_BASH_MOVE]: 攻击14 + 减益；多次爪击[MULTI_CLAW_MOVE]: 攻击10×N(递增)；撕碎[PHASE3_LACERATE_MOVE]: 攻击10×3；大力猛扑[BIG_POUNCE]: 攻击45；燃烧之吼[BURNING_GROWL_MOVE]: 塞3张状态牌 + 增益,"噬咬20 ↔ 颅骨重击14(1易伤)；第一次死亡复活为200血，多次爪击10×(3,4,5…)；第二次复活300血：撕碎10×3 → 大扑击45 → 灼烧咆哮(3张灼伤,+2力量)",激怒2：玩家每打出技能牌+2力量,20,14,20,54,,3,0,0,1,0,0,4,,73.0,decompiled/sts2/MegaCrit.Sts2.Core.Models.Monsters/TestSubject.cs
TorchHeadAmalgam,火炬头聚合体,Torch Head Amalgam,第三幕·荣耀,Boss,,199,199,199.0,0,199.0,,强力冲撞[STRONG_TACKLE_MOVE]: 攻击26；TACKLE_2_MOVE[TACKLE_2_MOVE]: 攻击18；光束[BEAM_MOVE]: 攻击8×3；TACKLE_3_MOVE[TACKLE_3_MOVE]: 攻击14；TACKLE_4_MOVE[TACKLE_4_MOVE]: 攻击14,强力冲撞26 → 冲撞18 → 光束8×3 → 冲撞14 → 冲撞14 → 光束…,随从,26,18,24,68,,0,0,0,0,0,0,0,,31.23,decompiled/sts2/MegaCrit.Sts2.Core.Models.Monsters/TorchHeadAmalgam.cs
Guardbot,守护机器人,Guardbot,第三幕·荣耀,召唤物,,16,20,18.0,0,18.0,,守护[GUARD_MOVE]: 格挡,守护：给组装师15格挡,随从,0,0,0,0,,0,0,0,0,0,1,1,,2.8,decompiled/sts2/MegaCrit.Sts2.Core.Models.Monsters/Guardbot.cs
Noisebot,噪音机器人,Noisebot,第三幕·荣耀,召唤物,,18,23,20.5,0,20.5,,噪音[NOISE_MOVE]: 塞2张状态牌,噪音(2张晕眩) 循环,随从,0,0,0,0,,0,0,2,0,0,0,2,,4.05,decompiled/sts2/MegaCrit.Sts2.Core.Models.Monsters/Noisebot.cs
Stabbot,戳刺机器人,Stabbot,第三幕·荣耀,召唤物,,18,23,20.5,0,20.5,,戳刺[STAB_MOVE]: 攻击11 + 减益,戳刺11(1脆弱) 循环,随从,11,11,11,33,,0,0,0,1,0,0,1,,8.55,decompiled/sts2/MegaCrit.Sts2.Core.Models.Monsters/Stabbot.cs
Zapbot,电击机器人,Zapbot,第三幕·荣耀,召唤物,,18,23,20.5,0,20.5,,电击[ZAP]: 攻击14,电击14 循环,高压2：每回合末+2力量；随从,14,16,18,48,,2,0,0,0,0,0,2,,12.05,decompiled/sts2/MegaCrit.Sts2.Core.Models.Monsters/Zapbot.cs
Axebot,巨斧机器人,Axebot,第三幕·荣耀,普通,,70,78,74.0,178,252.0,重生两次：84+94,启动[BOOT_UP_MOVE]: 格挡 + 增益；两连击[ONE_TWO_MOVE]: 攻击10×2；上勾锤击[HAMMER_UPPERCUT_MOVE]: 攻击14 + 减益,上勾锤击14(2虚弱2脆弱) ↔ 两连击10×2,存货2：被击杀后原地重生两次(+10/+20最大生命)，重生体以启动(格挡+力量)起手,14,20,14,48,,1,0,0,2,0,0,3,,36.2,decompiled/sts2/MegaCrit.Sts2.Core.Models.Monsters/Axebot.cs
DevotedSculptor,虔诚雕刻师,Devoted Sculptor,第三幕·荣耀,普通,是,162,162,162.0,0,162.0,,禁忌唱诵[FORBIDDEN_INCANTATION_MOVE]: 增益；猛烈攻击[SAVAGE_MOVE]: 攻击12,禁忌唱诵(仪式9) → 猛烈攻击12 循环,,0,12,21,33,,3,0,0,0,0,0,3,,24.7,decompiled/sts2/MegaCrit.Sts2.Core.Models.Monsters/DevotedSculptor.cs
Fabricator,组装师,Fabricator,第三幕·荣耀,普通,,150,150,150.0,0,150.0,,组装[FABRICATE_MOVE]: 召唤；组装打击[FABRICATING_STRIKE_MOVE]: 攻击18 + 召唤；瓦解[DISINTEGRATE_MOVE]: 攻击11,随机(组装:召唤1防御+1进攻机器人 / 组装打击18+召唤进攻机器人)；场上满4只则瓦解11,,9,9,9,27,随机取期望,0,3,0,0,0,0,3,,22.5,decompiled/sts2/MegaCrit.Sts2.Core.Models.Monsters/Fabricator.cs
FrogKnight,青蛙骑士,Frog Knight,第三幕·荣耀,普通,,191,191,191.0,42,233.0,镀层15+14+13,为了女王[FOR_THE_QUEEN]: 增益；惩恶一击[STRIKE_DOWN_EVIL]: 攻击21；吐舌[TONGUE_LASH]: 攻击13 + 减益；甲虫冲锋[BEETLE_CHARGE]: 攻击35,吐舌13(2脆弱) → 惩恶一击21 → 为了女王(+5力量) → 吐舌…；半血以下改用甲虫冲锋35一次,镀层15,13,21,0,34,,2,0,0,1,0,0,3,,31.97,decompiled/sts2/MegaCrit.Sts2.Core.Models.Monsters/FrogKnight.cs
GlobeHead,电球头,Globe Head,第三幕·荣耀,普通,,148,148,148.0,0,148.0,,生成闪电[THUNDER_STRIKE]: 攻击6×3；电击掌[SHOCKING_SLAP]: 攻击13 + 减益；GALVANIC_BURST[GALVANIC_BURST]: 攻击16 + 增益,电击掌13(2脆弱) → 生成闪电6×3 → 电涌爆发16(+2力量),电流6：能力牌被附加电击，打出时自己受6伤害,13,18,16,47,,1,0,0,2,0,0,3,,25.63,decompiled/sts2/MegaCrit.Sts2.Core.Models.Monsters/GlobeHead.cs
LivingShield,活体盾,Living Shield,第三幕·荣耀,普通,是,55,55,55.0,50,105.0,壁垒替炮手挡约50伤害（计在盾上）,盾击[SHIELD_SLAM_MOVE]: 攻击6；砸击[SMASH_MOVE]: 攻击16 + 增益,盾击6（有队友时）；队友全死后改为砸击16(+3力量),壁垒25：每个玩家回合开始给高塔炮手25格挡,6,6,6,18,,0,0,0,0,0,2,2,,15.5,decompiled/sts2/MegaCrit.Sts2.Core.Models.Monsters/LivingShield.cs
OwlMagistrate,猫头鹰法官,Owl Magistrate,第三幕·荣耀,普通,,231,231,231.0,25,256.0,翱翔一回合减伤,法官审查[MAGISTRATE_SCRUTINY]: 攻击16；猛啄袭击[PECK_ASSAULT]: 攻击4×6；飞法行为[JUDICIAL_FLIGHT]: 增益；裁决[VERDICT]: 攻击33 + 减益,法官审查16 → 猛啄袭击4×6 → 飞法行为(翱翔:受伤减半) → 裁决33(4易伤),,16,24,0,40,,0,0,0,1,0,0,1,,33.27,decompiled/sts2/MegaCrit.Sts2.Core.Models.Monsters/OwlMagistrate.cs
ScrollOfBiting,咬人卷轴,Scroll of Biting,第三幕·荣耀,普通,是,30,37,33.5,0,33.5,,大啃[CHOMP]: 攻击14；咀嚼[CHEW]: 攻击5×2；更多牙齿[MORE_TEETH]: 增益,大啃14 → 更多牙齿(+2力量) → 咀嚼5×2 → 随机，3只错开起手,纸割2：造成未格挡伤害时玩家失去2最大生命,10,8,10,28,三种起手平均约28,1,0,0,0,0,2,3,,11.02,decompiled/sts2/MegaCrit.Sts2.Core.Models.Monsters/ScrollOfBiting.cs
SlimedBerserker,史莱姆狂战士,Slimed Berserker,第三幕·荣耀,普通,,261,261,261.0,0,261.0,,喷吐脓水[VOMIT_ICHOR_MOVE]: 塞10张状态牌；汲取之拥[LEECHING_HUG_MOVE]: 减益 + 增益；SMOTHER_MOVE[SMOTHER_MOVE]: 攻击30；狂怒连击[FURIOUS_PUMMELING_MOVE]: 攻击4×4,"喷吐脓水(10张黏液) → 狂怒连击4×4 → 汲取之拥(3虚弱,+3力量) → 窒息30 → …",,0,16,0,16,,1,0,3,1,0,0,5,,33.77,decompiled/sts2/MegaCrit.Sts2.Core.Models.Monsters/SlimedBerserker.cs
TheForgotten,遗忘之物,The Forgotten,第三幕·荣耀,普通,,106,106,106.0,16,122.0,瘴气格挡,瘴气[MIASMA]: 减益 + 格挡 + 增益；恐惧[DREAD]: 攻击?,"瘴气(玩家-2敏捷,自身+2敏捷,8格挡) ↔ 恐惧13+敏捷",死亡时归还偷走的敏捷,0,15,0,15,,0,0,0,2,0,0,2,,16.7,decompiled/sts2/MegaCrit.Sts2.Core.Models.Monsters/TheForgotten.cs
TheLost,失落之物,The Lost,第三幕·荣耀,普通,,93,93,93.0,0,93.0,,致残雾霾[DEBILITATING_SMOG]: 减益 + 增益；眼部激光[EYE_LASERS]: 攻击4×2,"致残雾霾(玩家-2力量,自身+2) ↔ 眼部激光4×2",死亡时归还偷走的力量,0,12,0,12,,1,0,0,2,0,0,3,,14.3,decompiled/sts2/MegaCrit.Sts2.Core.Models.Monsters/TheLost.cs
TurretOperator,高塔炮手,Turret Operator,第三幕·荣耀,普通,是,41,41,41.0,0,41.0,,弹雨！[UNLOAD_MOVE]: 攻击3×5；UNLOAD_MOVE_2[UNLOAD_MOVE_2]: 攻击3×5；装弹[RELOAD_MOVE]: 增益,弹雨3×5 → 弹雨3×5 → 装弹(+1力量),,15,15,0,30,,0,0,0,0,0,0,0,,9.1,decompiled/sts2/MegaCrit.Sts2.Core.Models.Monsters/TurretOperator.cs
FlailKnight,连枷骑士,Flail Knight,第三幕·荣耀,精英,,101,101,101.0,0,101.0,,战争吟唱[WAR_CHANT]: 增益；连枷[FLAIL_MOVE]: 攻击9×2；撞击[RAM_MOVE]: 攻击15,撞击15起手，之后随机(战争吟唱+3力量 / 连枷9×2 / 撞击15),,15,11,13,39,随机取期望,1,0,0,0,0,0,1,,17.6,decompiled/sts2/MegaCrit.Sts2.Core.Models.Monsters/FlailKnight.cs
MagiKnight,魔法骑士,Magi Knight,第三幕·荣耀,精英,,82,82,82.0,5,87.0,格挡,强力护盾[POWER_SHIELD_MOVE]: 攻击6 + 格挡；抑制[DAMPEN_MOVE]: 减益；PREP_MOVE[PREP_MOVE]: 格挡；魔法炸弹[MAGIC_BOMB]: 攻击35；撞击[RAM_MOVE]: 攻击10,强力护盾6(+5格挡) → 抑制(降级已升级的牌) → 撞击10 → 准备(格挡) → 魔法炸弹35 → 撞击…,,6,0,10,16,,0,0,0,2,0,0,2,,13.37,decompiled/sts2/MegaCrit.Sts2.Core.Models.Monsters/MagiKnight.cs
MechaKnight,机甲骑士,Mecha Knight,第三幕·荣耀,精英,,300,300,300.0,15,315.0,格挡,冲锋[CHARGE_MOVE]: 攻击25；喷火器[FLAMETHROWER_MOVE]: 攻击8 + 塞4张状态牌；举起蓄力[WINDUP_MOVE]: 格挡 + 增益；重斩[HEAVY_CLEAVE_MOVE]: 攻击35,"冲锋25 → 喷火器8(4张灼伤入手) → 举起蓄力(15格挡,+5力量) → 重斩35 → 喷火器…",3层人工制品,25,8,0,33,,2,0,3,0,2,0,7,,44.0,decompiled/sts2/MegaCrit.Sts2.Core.Models.Monsters/MechaKnight.cs
SoulNexus,灵魂枢纽,Soul Nexus,第三幕·荣耀,精英,,234,234,234.0,0,234.0,,灵魂灼烧[SOUL_BURN_MOVE]: 攻击29；大漩涡[MAELSTROM_MOVE]: 攻击6×4；汲取生命[DRAIN_LIFE_MOVE]: 攻击18 + 减益,灵魂灼烧29起手，之后随机(灵魂灼烧 / 大漩涡6×4 / 汲取生命18+2易伤2虚弱)，不可连用,,29,21,25,75,随机取期望,0,0,0,2,0,0,2,,37.9,decompiled/sts2/MegaCrit.Sts2.Core.Models.Monsters/SoulNexus.cs
SpectralKnight,幽灵骑士,Spectral Knight,第三幕·荣耀,精英,,93,93,93.0,0,93.0,,恶咒[HEX]: 减益；灵魂斩击[SOUL_SLASH]: 攻击15；灵魂火焰[SOUL_FLAME]: 攻击3×3,恶咒(诅咒手牌:虚无) → 灵魂斩击15 → 随机(灵魂斩击 / 灵魂火焰3×3),恶咒：玩家的牌获得虚无,0,15,12,27,,0,0,0,2,0,0,2,,15.8,decompiled/sts2/MegaCrit.Sts2.Core.Models.Monsters/SpectralKnight.cs
