幕,中文名,类名,类型,简单遭遇池,有效血量,前3回合伤害,机制分,战力,幕系数,精英系数,召唤价
第一幕·密林,方柱构装体,CubexConstruct,普通,,78.0,20,4,15.13,0.218,,3
第一幕·密林,藤蔓蹒跚者,VineShambler,普通,,61.0,36,2,14.1,0.218,,3
第一幕·密林,雾菇,Fogmog,普通,,74.0,21,3,13.9,0.218,,3
第一幕·密林,蛮兽,Mawler,普通,,72.0,23,2,13.03,0.218,,3
第一幕·密林,毛绒伏地虫,FuzzyWurmCrawler,普通,是,56.0,15,3,11.1,0.218,,2
第一幕·密林,缩小甲虫,ShrinkerBeetle,普通,是,39.0,20,3,10.23,0.218,,2
第一幕·密林,飞蝇菌子,Flyconid,普通,,48.0,16,2,9.47,0.218,,2
第一幕·密林,蛇行扼杀者,SlitheringStrangler,普通,,54.0,10,2,9.07,0.218,,2
第一幕·密林,小啃兽,Nibbit,普通,是,44.0,20,1,8.73,0.218,,2
第一幕·密林,劫掠者暴徒,BruteRubyRaider,普通,,31.5,17,2,7.98,0.218,,2
第一幕·密林,闪光贾克斯果,SnappingJaxfruit,普通,,32.0,15,2,7.7,0.218,,2
第一幕·密林,劫掠者刺客,AssassinRubyRaider,普通,,20.5,30,0,7.05,0.218,,2
第一幕·密林,树叶史莱姆（中）,LeafSlimeM,普通,是,33.5,8,2,6.68,0.218,,1
第一幕·密林,树枝史莱姆（中）,TwigSlimeM,普通,是,27.0,17,1,6.53,0.218,,1
第一幕·密林,劫掠者斧手,AxeRubyRaider,普通,,26.0,22,0,6.27,0.218,,1
第一幕·密林,劫掠者追踪手,TrackerRubyRaider,普通,,23.0,16,1,5.97,0.218,,1
第一幕·密林,墨宝,Inklet,普通,,19.0,15,0,4.4,0.218,,1
第一幕·密林,劫掠者弩手,CrossbowRubyRaider,普通,,19.5,14,0,4.28,0.218,,1
第一幕·密林,树叶史莱姆（小）,LeafSlimeS,普通,是,13.0,5,1,3.13,0.218,,1
第一幕·密林,树枝史莱姆（小）,TwigSlimeS,普通,是,9.0,12,0,2.9,0.218,,1
第一幕·密林,异蛙寄生虫,PhrogParasite,精英,,138.5,16,4,20.52,0.218,2.35,11
第一幕·密林,多尼斯异鸟,Byrdonis,精英,,82.5,48,2,18.25,0.218,2.35,9
第一幕·密林,旧日雕像,BygoneEffigy,精英,,97.0,23,3,16.53,0.218,2.35,8
第一幕·密林,仪式兽,CeremonialBeast,Boss,,252.0,38,4,35.53,0.218,,8
第一幕·密林,墨影幻灵,Vantom,Boss,,221.0,45,3,32.6,0.218,,7
第一幕·密林,同族神官,KinPriest,Boss,,190.0,25,2,25.17,0.218,,5
第一幕·密林,同族信徒,KinFollower,Boss,,58.5,12,1,8.85,0.218,,2
第一幕·密林,扭动虫,Wriggler,召唤物,,19.0,14,2,6.23,0.218,,1
第一幕·密林,利齿之眼,EyeWithTeeth,召唤物,,6.0,0,2,2.6,0.218,,1
第一幕·暗港,化石追踪者,FossilStalker,普通,,52.0,40,4,15.87,0.218,,3
第一幕·暗港,地精佣兵,GremlinMerc,普通,,60.0,34,4,15.67,0.218,,3
第一幕·暗港,活雾,LivingFog,普通,,80.0,21,4,15.5,0.218,,3
第一幕·暗港,幽灵船,HauntedShip,普通,,63.0,25,4,14.47,0.218,,3
第一幕·暗港,下水道蚌,SewerClam,普通,,77.0,24,2,13.7,0.218,,3
第一幕·暗港,拳击构装体,PunchConstruct,普通,,65.0,24,2,12.5,0.218,,3
第一幕·暗港,淤泥旋螺,SludgeSpinner,普通,是,38.0,27,2,10.3,0.218,,2
第一幕·暗港,钙化邪教徒,CalcifiedCultist,普通,,39.5,20,3,10.28,0.218,,2
第一幕·暗港,潮湿邪教徒,DampCultist,普通,,52.0,7,3,9.37,0.218,,2
第一幕·暗港,海洋混混,Seapunk,普通,是,52.0,19,1,9.37,0.218,,2
第一幕·暗港,噬尸蛞蝓,CorpseSlug,普通,是,26.0,14,2,6.93,0.218,,2
第一幕·暗港,双尾鼠,TwoTailedRat,普通,,19.0,12,3,6.9,0.218,,2
第一幕·暗港,蟾蜍蝌蚪,Toadpole,普通,是,23.0,16,1,5.97,0.218,,1
第一幕·暗港,骇鳗,TerrorEel,精英,,140.0,47,3,24.83,0.218,2.35,13
第一幕·暗港,鬼祟珊瑚群,SkulkingColony,精英,,112.0,37,1,18.37,0.218,2.35,9
第一幕·暗港,花园幽灵鳗,PhantasmalGardener,精英,,40.5,13,1,7.22,0.218,2.35,4
第一幕·暗港,灵魂异鱼,SoulFysh,Boss,,251.0,23,5,33.93,0.218,,7
第一幕·暗港,瀑布巨兽,WaterfallGiant,Boss,,250.0,25,4,33.17,0.218,,7
第一幕·暗港,乐加维林族母,LagavulinMatriarch,Boss,,234.0,19,4,30.57,0.218,,7
第一幕·暗港,卑鄙地精,SneakyGremlin,召唤物,,12.0,18,0,4.2,0.218,,1
第一幕·暗港,胖地精,FatGremlin,召唤物,,15.0,0,1,2.5,0.218,,1
第一幕·暗港,气态炸弹,GasBomb,召唤物,,7.0,8,0,2.03,0.218,,1
第二幕·蜂巢,虱虫之祖,LouseProgenitor,普通,,163.0,28,3,23.97,0.192,,5
第二幕·蜂巢,猎人杀手,HunterKiller,普通,,121.0,39,2,20.6,0.192,,4
第二幕·蜂巢,直飞产卵虫,Ovicopter,普通,,127.0,23,4,20.53,0.192,,4
第二幕·蜂巢,棘刺蟾蜍,SpinyToad,普通,,117.5,40,1,19.42,0.192,,4
第二幕·蜂巢,胧光怪,TheObscura,普通,,123.0,12,4,18.3,0.192,,4
第二幕·蜂巢,偷窃草蜢,ThievingHopper,普通,是,99.0,38,2,18.23,0.192,,4
第二幕·蜂巢,地道虫,Tunneler,普通,是,119.0,36,0,17.9,0.192,,3
第二幕·蜂巢,熟睡甲虫,SlumberingBeetle,普通,,101.0,16,2,14.77,0.192,,3
第二幕·蜂巢,啃咬机,Chomper,普通,,62.0,24,4,14.2,0.192,,3
第二幕·蜂巢,异螨,Myte,普通,,64.0,18,3,12.4,0.192,,2
第二幕·蜂巢,盛碗虫（石）,BowlbugRock,普通,是,46.5,45,0,12.15,0.192,,2
第二幕·蜂巢,盛碗虫（蜜）,BowlbugNectar,普通,是,36.5,21,3,10.15,0.192,,2
第二幕·蜂巢,外骨骼虫,Exoskeleton,普通,是,34.0,14,1,6.73,0.192,,1
第二幕·蜂巢,盛碗虫（丝）,BowlbugSilk,普通,,41.5,8,1,6.48,0.192,,1
第二幕·蜂巢,盛碗虫（卵）,BowlbugEgg,普通,是,28.5,21,0,6.35,0.192,,1
第二幕·蜂巢,感染棱柱,InfestedPrism,精英,,172.0,41,2,26.03,0.192,2.35,12
第二幕·蜂巢,蜂群术士,Entomancer,精英,,145.0,39,3,24.0,0.192,2.35,11
第二幕·蜂巢,残杀千足虫,DecimillipedeSegment,精英,,60.0,26,2,12.33,0.192,2.35,6
第二幕·蜂巢,知识恶魔,KnowledgeDemon,Boss,,409.0,41,4,51.73,0.192,,10
第二幕·蜂巢,无厌沙虫,TheInsatiable,Boss,,321.0,44,5,44.43,0.192,,9
第二幕·蜂巢,碾碎爪,Crusher,Boss,,209.0,28,3,28.57,0.192,,5
第二幕·蜂巢,火箭,Rocket,Boss,,199.0,21,2,25.4,0.192,,5
第二幕·蜂巢,寄生惧魔,Parafright,召唤物,,21.0,48,0,10.1,0.192,,2
第二幕·蜂巢,结实的卵,ToughEgg,召唤物,,16.0,8,0,2.93,0.192,,1
第三幕·荣耀,巨斧机器人,Axebot,普通,,252.0,48,3,36.2,0.176,,6
第三幕·荣耀,史莱姆狂战士,SlimedBerserker,普通,,261.0,16,5,33.77,0.176,,6
第三幕·荣耀,猫头鹰法官,OwlMagistrate,普通,,256.0,40,1,33.27,0.176,,6
第三幕·荣耀,青蛙骑士,FrogKnight,普通,,233.0,34,3,31.97,0.176,,6
第三幕·荣耀,电球头,GlobeHead,普通,,148.0,47,3,25.63,0.176,,5
第三幕·荣耀,虔诚雕刻师,DevotedSculptor,普通,是,162.0,33,3,24.7,0.176,,4
第三幕·荣耀,组装师,Fabricator,普通,,150.0,27,3,22.5,0.176,,4
第三幕·荣耀,遗忘之物,TheForgotten,普通,,122.0,15,2,16.7,0.176,,3
第三幕·荣耀,活体盾,LivingShield,普通,是,105.0,18,2,15.5,0.176,,3
第三幕·荣耀,方柱构装体,CubexConstruct,普通,,78.0,20,4,15.13,0.176,,3
第三幕·荣耀,失落之物,TheLost,普通,,93.0,12,3,14.3,0.176,,3
第三幕·荣耀,拳击构装体,PunchConstruct,普通,,65.0,24,2,12.5,0.176,,2
第三幕·荣耀,咬人卷轴,ScrollOfBiting,普通,是,33.5,28,3,11.02,0.176,,2
第三幕·荣耀,高塔炮手,TurretOperator,普通,是,41.0,30,0,9.1,0.176,,2
第三幕·荣耀,机甲骑士,MechaKnight,精英,,315.0,33,7,44.0,0.176,2.35,18
第三幕·荣耀,灵魂枢纽,SoulNexus,精英,,234.0,75,2,37.9,0.176,2.35,16
第三幕·荣耀,连枷骑士,FlailKnight,精英,,101.0,39,1,17.6,0.176,2.35,7
第三幕·荣耀,幽灵骑士,SpectralKnight,精英,,93.0,27,2,15.8,0.176,2.35,7
第三幕·荣耀,魔法骑士,MagiKnight,精英,,87.0,16,2,13.37,0.176,2.35,6
第三幕·荣耀,实验体 #C{Count},TestSubject,Boss,,600.0,54,4,73.0,0.176,,13
第三幕·荣耀,永世沙漏,Aeonglass,Boss,,545.0,44,7,68.83,0.176,,12
第三幕·荣耀,女王,Queen,Boss,,420.0,0,4,46.0,0.176,,8
第三幕·荣耀,火炬头聚合体,TorchHeadAmalgam,Boss,,199.0,68,0,31.23,0.176,,5
第三幕·荣耀,电击机器人,Zapbot,召唤物,,20.5,48,2,12.05,0.176,,2
第三幕·荣耀,戳刺机器人,Stabbot,召唤物,,20.5,33,1,8.55,0.176,,2
第三幕·荣耀,噪音机器人,Noisebot,召唤物,,20.5,0,2,4.05,0.176,,1
第三幕·荣耀,守护机器人,Guardbot,召唤物,,18.0,0,1,2.8,0.176,,1
